company_name,website,category,employee_band
Alta BenefitApp,altabenefitapp.com,HR,101-250
Alta PerformCloud,altaperformcloud.com,HR,251-500
Alta RemoteLabs,altaremotelabs.com,MSP Platform,251-500
AltaBatch Tech,altabatchtech.co,ERP,21-50
AltaBriefSystems,altabriefsystems.net,Legal,51-100
AltaClause Core,altaclausecore.com,Legal,5-20
AltaFiling Works,altafilingworks.com,Legal,21-50
AltaNetDesk,altanetdesk.com,MSP Platform,501-1000
AltaOrderCore,altaordercore.com,ERP,101-250
AltaPatient Suite,altapatientsuite.com,Medical,51-100
AltaPatientTech,altapatienttech.net,Medical,501-1000
AltaRoster Platform,altarosterplatform.com,HR,21-50
AltaShift Solutions,altashiftsolutions.com,HR,5-20
AltaShift Sync,altashiftsync.com,HR,101-250
AltaStock Systems,altastocksystems.co,ERP,51-100
Anchor BatchLabs,anchorbatchlabs.com,ERP,5-20
Anchor ChartFlow,anchorchartflow.io,Medical,501-1000
Anchor OnboardTech,anchoronboardtech.io,HR,21-50
Anchor PlanSync,anchorplansync.com,ERP,1001-5000
Anchor StockSystems,anchorstocksystems.com,ERP,5-20
Anchor TeamCore,anchorteamcore.com,HR,5-20
AnchorBatch App,anchorbatchapp.io,ERP,251-500
AnchorCompliCore,anchorcomplicore.net,Legal,101-250
AnchorForge Tech,anchorforgetech.com,ERP,101-250
AnchorOnboard Core,anchoronboardcore.com,HR,101-250
AnchorOnboard Systems,anchoronboardsystems.com,HR,5-20
AnchorPeopleTech,anchorpeopletech.io,HR,5-20
AnchorResource Systems,anchorresourcesystems.io,ERP,5-20
AnchorShiftSolutions,anchorshiftsolutions.com,HR,1001-5000
AnchorStockFlow,anchorstockflow.io,ERP,5-20
AnchorTutor Cloud,anchortutorcloud.net,LMS,501-1000
AnchorVitalPoint,anchorvitalpoint.com,Medical,5-20
Apex CultureSync,apexculturesync.io,HR,5-20
Apex GridBase,apexgridbase.net,MSP Platform,251-500
Apex LawLogic,apexlawlogic.io,Legal,51-100
Apex OpsWorks,apexopsworks.net,ERP,21-50
Apex PeopleDesk,apexpeopledesk.io,HR,21-50
Apex PlanCloud,apexplancloud.com,ERP,21-50
Apex ResourceDynamics,apexresourcedynamics.net,ERP,5-20
Apex SkillSoft,apexskillsoft.com,LMS,21-50
Apex StockWorks,apexstockworks.io,ERP,101-250
Apex TeamPoint,apexteampoint.com,HR,251-500
Apex VitalBase,apexvitalbase.com,Medical,51-100
ApexClinic Solutions,apexclinicsolutions.net,Medical,251-500
ApexHealth Solutions,apexhealthsolutions.com,Medical,21-50
ApexPatient Core,apexpatientcore.com,Medical,21-50
ApexPulseBase,apexpulsebase.com,Medical,21-50
Arch BriefWorks,archbriefworks.com,Legal,5-20
Arch CompliDesk,archcomplidesk.com,Legal,21-50
Arch OnboardBase,archonboardbase.com,HR,51-100
Arch OrderLogic,archorderlogic.com,ERP,21-50
Arch PatientApp,archpatientapp.com,Medical,51-100
Arch StackPlatform,archstackplatform.com,MSP Platform,1001-5000
Arch StockFlow,archstockflow.io,ERP,51-100
ArchCase Base,archcasebase.com,Legal,5-20
ArchCompli App,archcompliapp.com,Legal,51-100
ArchCompli Suite,archcomplisuite.co,Legal,5-20
ArchCulture Base,archculturebase.com,HR,5-20
ArchFin Logic,archfinlogic.com,ERP,21-50
ArchFin Tech,archfintech.com,ERP,5-20
ArchMedWorks,archmedworks.com,Medical,251-500
ArchMonitor Suite,archmonitorsuite.net,MSP Platform,101-250
ArchNodePoint,archnodepoint.io,MSP Platform,501-1000
ArchPath Suite,archpathsuite.com,LMS,501-1000
ArchPlanSoft,archplansoft.net,ERP,21-50
ArchRxSuite,archrxsuite.com,Medical,5-20
ArchStack Platform,archstackplatform.co,MSP Platform,101-250
ArchStack Works,archstackworks.co,MSP Platform,21-50
ArchTutor Systems,archtutorsystems.com,LMS,101-250
Atlas ClauseFlow,atlasclauseflow.io,Legal,501-1000
Atlas CultureFlow,atlascultureflow.co,HR,21-50
Atlas ForgePoint,atlasforgepoint.com,ERP,101-250
Atlas PerformFlow,atlasperformflow.com,HR,51-100
Atlas RxSoft,atlasrxsoft.net,Medical,251-500
Atlas TriageSystems,atlastriagesystems.com,Medical,501-1000
AtlasBenefit Works,atlasbenefitworks.io,HR,21-50
AtlasCaseSphere,atlascasesphere.net,Legal,21-50
AtlasCohort Flow,atlascohortflow.io,LMS,21-50
AtlasOps Systems,atlasopssystems.com,ERP,101-250
AtlasPeople App,atlaspeopleapp.io,HR,21-50
AtlasPulsePlatform,atlaspulseplatform.net,Medical,5-20
AtlasResource App,atlasresourceapp.com,ERP,1001-5000
AtlasVitalCore,atlasvitalcore.net,Medical,51-100
Beacon BatchPoint,beaconbatchpoint.net,ERP,5-20
Beacon CareCloud,beaconcarecloud.io,Medical,251-500
Beacon HealthLogic,beaconhealthlogic.io,Medical,21-50
Beacon PatchPoint,beaconpatchpoint.com,MSP Platform,1001-5000
Beacon ResourcePoint,beaconresourcepoint.net,ERP,101-250
BeaconBatch Flow,beaconbatchflow.com,ERP,5-20
BeaconEndpoint Labs,beaconendpointlabs.io,MSP Platform,251-500
BeaconForgeCloud,beaconforgecloud.co,ERP,251-500
BeaconLearnLogic,beaconlearnlogic.io,LMS,21-50
BeaconOps Soft,beaconopssoft.net,ERP,101-250
BeaconOrder Sphere,beaconordersphere.com,ERP,5-20
BeaconRemote Suite,beaconremotesuite.com,MSP Platform,251-500
BeaconRemoteFlow,beaconremoteflow.io,MSP Platform,101-250
BeaconRx Labs,beaconrxlabs.io,Medical,251-500
BeaconRxSolutions,beaconrxsolutions.io,Medical,21-50
BeaconShiftFlow,beaconshiftflow.com,HR,21-50
BeaconTalent Labs,beacontalentlabs.com,HR,51-100
BeaconUptimeApp,beaconuptimeapp.io,MSP Platform,251-500
Blue CareCore,bluecarecore.io,Medical,51-100
Blue ClinicSuite,blueclinicsuite.com,Medical,5-20
Blue EndpointLogic,blueendpointlogic.net,MSP Platform,5-20
Blue FilingPlatform,bluefilingplatform.com,Legal,501-1000
BlueCarePlatform,bluecareplatform.io,Medical,51-100
BlueCultureCore,blueculturecore.com,HR,21-50
BlueCultureSoft,blueculturesoft.net,HR,51-100
BlueDocket Suite,bluedocketsuite.com,Legal,101-250
BlueLedger Solutions,blueledgersolutions.com,ERP,251-500
BluePatient Platform,bluepatientplatform.com,Medical,21-50
BluePayrollSync,bluepayrollsync.com,HR,21-50
BluePerform Platform,blueperformplatform.net,HR,5-20
BlueStackDesk,bluestackdesk.co,MSP Platform,21-50
BlueTicket Sync,blueticketsync.com,MSP Platform,51-100
BlueUptime Hub,blueuptimehub.com,MSP Platform,251-500
BlueVerdict Hub,blueverdicthub.com,Legal,101-250
Bold OpsCore,boldopscore.com,ERP,21-50
Bold VitalSuite,boldvitalsuite.co,Medical,5-20
BoldChainLogic,boldchainlogic.co,ERP,5-20
BoldCounselLabs,boldcounsellabs.com,Legal,21-50
BoldFiling Base,boldfilingbase.com,Legal,21-50
BoldFiling Sphere,boldfilingsphere.io,Legal,51-100
BoldFinDynamics,boldfindynamics.io,ERP,101-250
BoldLedgerSphere,boldledgersphere.net,ERP,21-50
BoldNet Soft,boldnetsoft.com,MSP Platform,251-500
BoldNetDesk,boldnetdesk.com,MSP Platform,51-100
BoldNodeDynamics,boldnodedynamics.com,MSP Platform,21-50
BoldOrderWorks,boldorderworks.net,ERP,5-20
BoldPatient Sphere,boldpatientsphere.io,Medical,251-500
BoldPatientLabs,boldpatientlabs.net,Medical,21-50
BoldResource Platform,boldresourceplatform.io,ERP,51-100
BoldRx Systems,boldrxsystems.com,Medical,21-50
BoldUptimeSync,bolduptimesync.co,MSP Platform,5-20
BoldVitalApp,boldvitalapp.com,Medical,5-20
BoldVitalHub,boldvitalhub.net,Medical,21-50
Bold’s UptimeTech,bolduptimetech.com,MSP Platform,5-20
Bright CareBase,brightcarebase.net,Medical,21-50
Bright ChainLabs,brightchainlabs.net,ERP,5-20
Bright ForgeLabs,brightforgelabs.com,ERP,101-250
Bright ForgeSolutions,brightforgesolutions.com,ERP,101-250
Bright GridSphere,brightgridsphere.com,MSP Platform,5-20
Bright PulseFlow,brightpulseflow.com,Medical,51-100
Bright SkillCore,brightskillcore.io,LMS,5-20
Bright TicketPoint,brightticketpoint.com,MSP Platform,251-500
BrightBatchFlow,brightbatchflow.com,ERP,5-20
BrightEndpointPoint,brightendpointpoint.com,MSP Platform,101-250
BrightForge Base,brightforgebase.net,ERP,501-1000
BrightGridCloud,brightgridcloud.com,MSP Platform,21-50
BrightNet Tech,brightnettech.co,MSP Platform,5-20
BrightNetApp,brightnetapp.net,MSP Platform,21-50
BrightNodeLogic,brightnodelogic.net,MSP Platform,5-20
BrightOps Soft,brightopssoft.net,ERP,51-100
BrightOps’s Works,brightopsworks.com,ERP,251-500
BrightPulse Core,brightpulsecore.io,Medical,5-20
BrightRx Desk,brightrxdesk.co,Medical,21-50
BrightStockLabs,brightstocklabs.com,ERP,501-1000
Cedar CultureSoft,cedarculturesoft.com,HR,21-50
Cedar EndpointApp,cedarendpointapp.io,MSP Platform,501-1000
Cedar LedgerSuite,cedarledgersuite.io,ERP,1001-5000
Cedar PatientPoint,cedarpatientpoint.com,Medical,251-500
Cedar PatientSync,cedarpatientsync.co,Medical,21-50
Cedar PeopleDesk,cedarpeopledesk.com,HR,251-500
Cedar UptimeSphere,cedaruptimesphere.com,MSP Platform,251-500
CedarCare Sync,cedarcaresync.net,Medical,501-1000
CedarChainSystems,cedarchainsystems.com,ERP,51-100
CedarClinicSphere,cedarclinicsphere.co,Medical,5-20
CedarCompli Logic,cedarcomplilogic.net,Legal,21-50
CedarCulture Flow,cedarcultureflow.co,HR,5-20
CedarGridPoint,cedargridpoint.com,MSP Platform,5-20
CedarLedger App,cedarledgerapp.io,ERP,21-50
CedarMed Tech,cedarmedtech.io,Medical,21-50
CedarOnboard App,cedaronboardapp.net,HR,51-100
CedarOrder Soft,cedarordersoft.com,ERP,251-500
CedarPlan Works,cedarplanworks.io,ERP,251-500
CedarPlanLabs,cedarplanlabs.io,ERP,5-20
CedarTeamCloud,cedarteamcloud.com,HR,51-100
CedarTriagePoint,cedartriagepoint.co,Medical,1001-5000
CedarVerdict Flow,cedarverdictflow.co,Legal,21-50
Clear CultureTech,clearculturetech.net,HR,21-50
Clear FilingSoft,clearfilingsoft.com,Legal,501-1000
Clear LawCore,clearlawcore.io,Legal,51-100
ClearBatchWorks,clearbatchworks.io,ERP,101-250
ClearBenefit Base,clearbenefitbase.net,HR,5-20
ClearBenefit Point,clearbenefitpoint.io,HR,5-20
ClearBenefitWorks,clearbenefitworks.com,HR,251-500
ClearClinic Sphere,clearclinicsphere.co,Medical,101-250
ClearCohort Desk,clearcohortdesk.com,LMS,21-50
ClearCourse Sync,clearcoursesync.net,LMS,21-50
ClearCulture Dynamics,clearculturedynamics.com,HR,21-50
ClearForgeCloud,clearforgecloud.com,ERP,101-250
ClearHealthFlow,clearhealthflow.co,Medical,21-50
ClearMedLogic,clearmedlogic.com,Medical,21-50
ClearMonitor Sync,clearmonitorsync.com,MSP Platform,501-1000
ClearMonitorPlatform,clearmonitorplatform.com,MSP Platform,101-250
ClearMonitorSphere,clearmonitorsphere.io,MSP Platform,501-1000
ClearPathSolutions,clearpathsolutions.net,LMS,251-500
ClearPatient Platform,clearpatientplatform.co,Medical,21-50
ClearPatientSuite,clearpatientsuite.com,Medical,101-250
ClearPeopleSync,clearpeoplesync.com,HR,5-20
ClearRoster Tech,clearrostertech.com,HR,51-100
ClearTalentWorks,cleartalentworks.com,HR,251-500
ClearTicket Desk,clearticketdesk.net,MSP Platform,101-250
ClearTriage Cloud,cleartriagecloud.com,Medical,21-50
Cobalt BatchSoft,cobaltbatchsoft.com,ERP,251-500
Cobalt BatchSphere,cobaltbatchsphere.com,ERP,501-1000
Cobalt BriefWorks,cobaltbriefworks.com,Legal,51-100
Cobalt ChartSync,cobaltchartsync.com,Medical,5-20
Cobalt EndpointSphere,cobaltendpointsphere.com,MSP Platform,501-1000
Cobalt GridBase,cobaltgridbase.co,MSP Platform,21-50
Cobalt HealthSystems,cobalthealthsystems.com,Medical,251-500
Cobalt NodeSync,cobaltnodesync.io,MSP Platform,21-50
Cobalt PlanLogic,cobaltplanlogic.com,ERP,5-20
Cobalt TeamSoft,cobaltteamsoft.com,HR,5-20
Cobalt TriageDynamics,cobalttriagedynamics.com,Medical,21-50
CobaltCompliLogic,cobaltcomplilogic.io,Legal,5-20
CobaltDocket Cloud,cobaltdocketcloud.io,Legal,101-250
CobaltEndpoint Soft,cobaltendpointsoft.com,MSP Platform,501-1000
CobaltHealth Systems,cobalthealthsystems.com,Medical,101-250
CobaltMatterPlatform,cobaltmatterplatform.com,Legal,501-1000
CobaltMonitor App,cobaltmonitorapp.com,MSP Platform,5-20
CobaltPatientLogic,cobaltpatientlogic.com,Medical,21-50
CobaltPerformApp,cobaltperformapp.co,HR,51-100
CobaltRx Soft,cobaltrxsoft.com,Medical,21-50
CobaltStack Sync,cobaltstacksync.net,MSP Platform,101-250
CobaltTalent App,cobalttalentapp.com,HR,21-50
CobaltTriage Sphere,cobalttriagesphere.io,Medical,251-500
CobaltTriageSolutions,cobalttriagesolutions.com,Medical,51-100
CobaltVital Flow,cobaltvitalflow.co,Medical,5-20
Core ChainSoft,corechainsoft.com,ERP,1001-5000
Core ClauseSync,coreclausesync.io,Legal,5-20
Core LawLabs,corelawlabs.co,Legal,101-250
Core PerformPoint,coreperformpoint.com,HR,21-50
CoreChartSystems,corechartsystems.com,Medical,51-100
CoreCompli Base,corecomplibase.io,Legal,5-20
CoreDocketLabs,coredocketlabs.com,Legal,1001-5000
CoreEndpoint Logic,coreendpointlogic.com,MSP Platform,5-20
CoreLesson Works,corelessonworks.com,LMS,251-500
CorePeople Works,corepeopleworks.co,HR,21-50
CoreRx Flow,corerxflow.io,Medical,21-50
CoreTalent Base,coretalentbase.io,HR,21-50
CoreUptime Point,coreuptimepoint.co,MSP Platform,51-100
CoreVitalTech,corevitaltech.net,Medical,5-20
Crest GridTech,crestgridtech.io,MSP Platform,51-100
Crest LedgerSoft,crestledgersoft.com,ERP,21-50
Crest OrderBase,crestorderbase.co,ERP,51-100
Crest PerformCloud,crestperformcloud.io,HR,21-50
Crest ShiftCloud,crestshiftcloud.com,HR,251-500
CrestBatch Suite,crestbatchsuite.com,ERP,5-20
CrestEndpoint Labs,crestendpointlabs.com,MSP Platform,5-20
CrestOnboard Works,crestonboardworks.com,HR,5-20
CrestOrderSuite,crestordersuite.com,ERP,5-20
CrestPatchWorks,crestpatchworks.io,MSP Platform,101-250
CrestPayrollPlatform,crestpayrollplatform.com,HR,51-100
CrestPeopleCloud,crestpeoplecloud.io,HR,5-20
CrestRx Core,crestrxcore.com,Medical,51-100
CrestShift Base,crestshiftbase.io,HR,101-250
Crown OpsHub,crownopshub.io,ERP,5-20
Crown PeopleWorks,crownpeopleworks.com,HR,251-500
Crown StockLogic,crownstocklogic.net,ERP,101-250
Crown TeamPoint,crownteampoint.com,HR,51-100
CrownBenefit Soft,crownbenefitsoft.com,HR,5-20
CrownCare Base,crowncarebase.co,Medical,5-20
CrownChart Desk,crownchartdesk.com,Medical,5-20
CrownChartSoft,crownchartsoft.co,Medical,251-500
CrownCoursePoint,crowncoursepoint.net,LMS,101-250
CrownDocket Systems,crowndocketsystems.io,Legal,251-500
CrownForgeSystems,crownforgesystems.com,ERP,5-20
CrownGrid Logic,crowngridlogic.io,MSP Platform,501-1000
CrownHealth Cloud,crownhealthcloud.co,Medical,5-20
CrownLaw Core,crownlawcore.com,Legal,51-100
CrownMonitorDesk,crownmonitordesk.io,MSP Platform,5-20
CrownOpsDynamics,crownopsdynamics.com,ERP,1001-5000
CrownOps’s Flow,crownopsflow.com,ERP,101-250
CrownPatientCore,crownpatientcore.net,Medical,21-50
CrownPayroll Soft,crownpayrollsoft.net,HR,5-20
CrownPlanPlatform,crownplanplatform.io,ERP,21-50
CrownRemote Point,crownremotepoint.com,MSP Platform,5-20
CrownResourceCore,crownresourcecore.com,ERP,51-100
CrownResourceSoft,crownresourcesoft.net,ERP,5-20
CrownStockSystems,crownstocksystems.co,ERP,21-50
CrownTalent Desk,crowntalentdesk.com,HR,101-250
CrownVérdict Solutions,crownverdictsolutions.com,Legal,101-250
Delta ClinicFlow,deltaclinicflow.net,Medical,251-500
Delta ForgeCloud,deltaforgecloud.io,ERP,21-50
Delta MatterTech,deltamattertech.com,Legal,5-20
Delta PatchBase,deltapatchbase.com,MSP Platform,101-250
Delta RxSuite,deltarxsuite.net,Medical,251-500
Delta StockCloud,deltastockcloud.com,ERP,5-20
DeltaClauseLogic,deltaclauselogic.com,Legal,21-50
DeltaCounselBase,deltacounselbase.net,Legal,101-250
DeltaFin Flow,deltafinflow.com,ERP,5-20
DeltaFinSync,deltafinsync.com,ERP,101-250
DeltaGrid Flow,deltagridflow.com,MSP Platform,1001-5000
DeltaMedDynamics,deltameddynamics.io,Medical,5-20
DeltaRoster Platform,deltarosterplatform.co,HR,51-100
DeltaTeamFlow,deltateamflow.com,HR,51-100
DeltaTicketLogic,deltaticketlogic.net,MSP Platform,51-100
Délta ShiftCore,deltashiftcore.com,HR,501-1000
Ember BenefitSuite,emberbenefitsuite.com,HR,1001-5000
Ember OrderDesk,emberorderdesk.net,ERP,501-1000
Ember PatchSolutions,emberpatchsolutions.com,MSP Platform,101-250
Ember PlanDynamics,emberplandynamics.net,ERP,501-1000
Ember PulseDesk,emberpulsedesk.com,Medical,51-100
Ember ShiftPlatform,embershiftplatform.com,HR,5-20
Ember StackTech,emberstacktech.com,MSP Platform,21-50
Ember VerdictBase,emberverdictbase.com,Legal,501-1000
EmberBenefitWorks,emberbenefitworks.io,HR,21-50
EmberCaseDesk,embercasedesk.io,Legal,51-100
EmberFinBase,emberfinbase.io,ERP,501-1000
EmberMedApp,embermedapp.com,Medical,5-20
EmberNet Labs,embernetlabs.com,MSP Platform,5-20
EmberNode Systems,embernodesystems.io,MSP Platform,21-50
EmberPatchSphere,emberpatchsphere.com,MSP Platform,21-50
EmberPayroll Point,emberpayrollpoint.io,HR,21-50
EmberPeopleSystems,emberpeoplesystems.com,HR,5-20
EmberRx Hub,emberrxhub.net,Medical,51-100
EmberTalent Desk,embertalentdesk.com,HR,21-50
EmberUptimeCore,emberuptimecore.io,MSP Platform,501-1000
Ember’s PlanSync,emberplansync.com,ERP,21-50
Falcon BatchCloud,falconbatchcloud.com,ERP,251-500
Falcon CaseLabs,falconcaselabs.com,Legal,501-1000
Falcon ChartHub,falconcharthub.com,Medical,51-100
Falcon ForgeCore,falconforgecore.com,ERP,51-100
Falcon PlanPoint,falconplanpoint.io,ERP,101-250
Falcon ShiftSync,falconshiftsync.com,HR,51-100
Falcon StackLabs,falconstacklabs.com,MSP Platform,51-100
Falcon StockBase,falconstockbase.com,ERP,251-500
FalconBatchSphere,falconbatchsphere.io,ERP,51-100
FalconCare Hub,falconcarehub.com,Medical,5-20
FalconCare Sync,falconcaresync.co,Medical,5-20
FalconChain Solutions,falconchainsolutions.co,ERP,501-1000
FalconChartSuite,falconchartsuite.com,Medical,251-500
FalconClinicSync,falconclinicsync.com,Medical,21-50
FalconCompliPoint,falconcomplipoint.com,Legal,5-20
FalconForgePlatform,falconforgeplatform.io,ERP,101-250
FalconLesson Tech,falconlessontech.com,LMS,5-20
FalconMed Desk,falconmeddesk.io,Medical,5-20
FalconNode Platform,falconnodeplatform.com,MSP Platform,251-500
FalconOnboard Core,falcononboardcore.com,HR,101-250
FalconRosterPoint,falconrosterpoint.com,HR,5-20
FalconSkill App,falconskillapp.com,LMS,51-100
FalconTriage Sync,falcontriagesync.net,Medical,5-20
FalconTutorLabs,falcontutorlabs.com,LMS,21-50
Fusion CounselDynamics,fusioncounseldynamics.io,Legal,101-250
Fusion GridFlow,fusiongridflow.com,MSP Platform,251-500
Fusion MedSolutions,fusionmedsolutions.net,Medical,21-50
Fusion ResourceSphere,fusionresourcesphere.com,ERP,51-100
FusionBatchDesk,fusionbatchdesk.com,ERP,251-500
FusionEndpoint Soft,fusionendpointsoft.com,MSP Platform,501-1000
FusionMonitorBase,fusionmonitorbase.net,MSP Platform,5-20
FusionStack Dynamics,fusionstackdynamics.com,MSP Platform,5-20
FusionTriageTech,fusiontriagetech.io,Medical,501-1000
Golden PlanCloud,goldenplancloud.com,ERP,5-20
Golden ResourceCloud,goldenresourcecloud.co,ERP,5-20
Golden RxCore,goldenrxcore.io,Medical,51-100
Golden TicketPlatform,goldenticketplatform.io,MSP Platform,21-50
GoldenEndpointLabs,goldenendpointlabs.io,MSP Platform,21-50
GoldenFin Platform,goldenfinplatform.io,ERP,101-250
GoldenLedgerLogic,goldenledgerlogic.com,ERP,21-50
GoldenMatter Labs,goldenmatterlabs.io,Legal,501-1000
GoldenNetPlatform,goldennetplatform.net,MSP Platform,101-250
GoldenQuizFlow,goldenquizflow.io,LMS,251-500
GoldenRemote Sync,goldenremotesync.com,MSP Platform,101-250
GoldenStock Sync,goldenstocksync.com,ERP,5-20
GoldenTutor Systems,goldentutorsystems.co,LMS,5-20
Granite CareSolutions,granitecaresolutions.net,Medical,5-20
Granite CompliSuite,granitecomplisuite.com,Legal,251-500
Granite FinWorks,granitefinworks.com,ERP,51-100
Granite MedDynamics,granitemeddynamics.com,Medical,5-20
Granite NetLogic,granitenetlogic.com,MSP Platform,51-100
Granite RxFlow,graniterxflow.com,Medical,5-20
GraniteCaseLogic,granitecaselogic.com,Legal,1001-5000
GraniteChain Platform,granitechainplatform.com,ERP,5-20
GraniteChain Systems,granitechainsystems.com,ERP,21-50
GraniteChainSolutions,granitechainsolutions.net,ERP,1001-5000
GraniteFin Flow,granitefinflow.com,ERP,51-100
GraniteHealthBase,granitehealthbase.com,Medical,21-50
GraniteMonitor Base,granitemonitorbase.io,MSP Platform,251-500
GraniteNetDesk,granitenetdesk.com,MSP Platform,5-20
GranitePatientPlatform,granitepatientplatform.com,Medical,51-100
GraniteResourceApp,graniteresourceapp.io,ERP,21-50
GraniteRx Sphere,graniterxsphere.io,Medical,101-250
GraniteStockApp,granitestockapp.com,ERP,21-50
GraniteTriage Systems,granitetriagesystems.com,Medical,21-50
GraniteTutorSoft,granitetutorsoft.com,LMS,5-20
GraniteUptime Sphere,graniteuptimesphere.com,MSP Platform,5-20
GranitéTeam Point,graniteteampoint.com,HR,21-50
Halo LedgerSolutions,haloledgersolutions.io,ERP,5-20
Halo TicketCore,haloticketcore.co,MSP Platform,1001-5000
Halo VerdictWorks,haloverdictworks.com,Legal,501-1000
HaloBenefit Cloud,halobenefitcloud.com,HR,51-100
HaloCulturePlatform,halocultureplatform.com,HR,101-250
HaloFiling Sync,halofilingsync.com,Legal,5-20
HaloFin Tech,halofintech.com,ERP,21-50
HaloHealth Tech,halohealthtech.com,Medical,21-50
HaloPerformSolutions,haloperformsolutions.com,HR,5-20
HaloShift Systems,haloshiftsystems.com,HR,251-500
HaloStack Base,halostackbase.com,MSP Platform,501-1000
HaloStackDynamics’s,halostackdynamics.com,MSP Platform,501-1000
Harbor ChainApp,harborchainapp.com,ERP,21-50
Harbor ClauseBase,harborclausebase.io,Legal,251-500
Harbor FinHub,harborfinhub.com,ERP,251-500
Harbor ForgeSync,harborforgesync.io,ERP,501-1000
Harbor NodeDynamics,harbornodedynamics.co,MSP Platform,5-20
Harbor OpsCloud,harboropscloud.net,ERP,21-50
HarborBenefit Suite,harborbenefitsuite.com,HR,21-50
HarborChart’s Dynamics,harborchartdynamics.io,Medical,251-500
HarborCounselSync,harborcounselsync.io,Legal,101-250
HarborGrid App,harborgridapp.com,MSP Platform,101-250
HarborOps Dynamics,harboropsdynamics.net,ERP,21-50
HarborPatchTech,harborpatchtech.net,MSP Platform,5-20
HarborPathLogic,harborpathlogic.com,LMS,21-50
HarborPatientSystems,harborpatientsystems.com,Medical,5-20
HarborResourceHub,harborresourcehub.com,ERP,501-1000
HarborResourceTech,harborresourcetech.io,ERP,101-250
HarborVitalDesk,harborvitaldesk.com,Medical,251-500
Indigo BatchBase,indigobatchbase.com,ERP,101-250
Indigo BriefPlatform,indigobriefplatform.com,Legal,101-250
Indigo OnboardLogic,indigoonboardlogic.co,HR,51-100
Indigo PeopleSync,indigopeoplesync.com,HR,51-100
IndigoBenefitPoint,indigobenefitpoint.co,HR,5-20
IndigoCareDesk,indigocaredesk.io,Medical,5-20
IndigoCultureSystems,indigoculturesystems.com,HR,501-1000
IndigoFinFlow,indigofinflow.com,ERP,51-100
IndigoPulseSphere,indigopulsesphere.net,Medical,5-20
IndigoResourceDynamics,indigoresourcedynamics.net,ERP,5-20
IndigoStack’s Solutions,indigostacksolutions.net,MSP Platform,21-50
Iron BenefitFlow,ironbenefitflow.io,HR,501-1000
Iron MedCloud,ironmedcloud.com,Medical,21-50
Iron MedHub,ironmedhub.com,Medical,21-50
Iron PlanSystems,ironplansystems.com,ERP,5-20
Iron PulseSolutions,ironpulsesolutions.com,Medical,51-100
Iron StackCore,ironstackcore.com,MSP Platform,251-500
Iron StockSystems,ironstocksystems.io,ERP,5-20
IronBatch Logic,ironbatchlogic.co,ERP,51-100
IronBriefLabs,ironbrieflabs.io,Legal,5-20
IronChainDynamics,ironchaindynamics.com,ERP,21-50
IronClinicPlatform,ironclinicplatform.com,Medical,5-20
IronCohort Logic,ironcohortlogic.com,LMS,21-50
IronCounsel Desk,ironcounseldesk.net,Legal,21-50
IronCultureSync,ironculturesync.io,HR,51-100
IronFilingLogic,ironfilinglogic.net,Legal,21-50
IronGrid Sync,irongridsync.net,MSP Platform,251-500
IronMed App,ironmedapp.com,Medical,251-500
IronMonitor Suite,ironmonitorsuite.com,MSP Platform,51-100
IronOps Systems,ironopssystems.co,ERP,5-20
IronOps Tech,ironopstech.io,ERP,251-500
IronPulse Suite,ironpulsesuite.com,Medical,5-20
IronResourceCloud,ironresourcecloud.com,ERP,251-500
IronRoster Tech,ironrostertech.com,HR,251-500
IronTriage Desk,irontriagedesk.com,Medical,21-50
IronVitalWorks,ironvitalworks.com,Medical,251-500
Juniper ChartDynamics,juniperchartdynamics.com,Medical,101-250
JuniperChainSolutions,juniperchainsolutions.com,ERP,501-1000
JuniperClauseSphere,juniperclausesphere.com,Legal,5-20
JuniperClinicDesk,juniperclinicdesk.com,Medical,251-500
JuniperLedger Works,juniperledgerworks.com,ERP,21-50
JuniperNodeSync,junipernodesync.com,MSP Platform,101-250
JuniperOnboard Point,juniperonboardpoint.co,HR,5-20
JuniperPatchTech,juniperpatchtech.com,MSP Platform,21-50
JuniperPlan Dynamics,juniperplandynamics.co,ERP,5-20
JuniperTalent Platform,junipertalentplatform.io,HR,21-50
JuniperTicketFlow,juniperticketflow.com,MSP Platform,251-500
JuniperVerdict Flow,juniperverdictflow.com,Legal,5-20
Keystone CareLabs,keystonecarelabs.com,Medical,5-20
Keystone HealthCloud,keystonehealthcloud.com,Medical,21-50
Keystone HealthSuite,keystonehealthsuite.io,Medical,21-50
Keystone VitalPoint,keystonevitalpoint.com,Medical,5-20
KeystoneCohort Labs,keystonecohortlabs.com,LMS,1001-5000
KeystoneCulture Core,keystoneculturecore.com,HR,21-50
KeystoneNetTech,keystonenettech.io,MSP Platform,21-50
KeystoneOpsSphere,keystoneopssphere.net,ERP,5-20
KeystonePeople Sync,keystonepeoplesync.net,HR,251-500
KeystonePerform Suite,keystoneperformsuite.com,HR,501-1000
KeystonePulse Works,keystonepulseworks.co,Medical,5-20
KeystonePulseLogic,keystonepulselogic.com,Medical,21-50
KeystoneRosterApp,keystonerosterapp.com,HR,101-250
KeystoneRx Labs,keystonerxlabs.com,Medical,5-20
Kéystone QuizSuite,keystonequizsuite.com,LMS,251-500
Lattice CareDesk,latticecaredesk.com,Medical,501-1000
Lattice ChartCore,latticechartcore.com,Medical,101-250
Lattice LawSystems,latticelawsystems.com,Legal,5-20
Lattice PayrollFlow,latticepayrollflow.com,HR,5-20
Lattice TriageApp,latticetriageapp.com,Medical,5-20
Lattice TutorSoft,latticetutorsoft.com,LMS,21-50
Lattice UptimePoint,latticeuptimepoint.com,MSP Platform,21-50
LatticeBatchApp,latticebatchapp.com,ERP,101-250
LatticeBatchSoft,latticebatchsoft.com,ERP,5-20
LatticeCaseDynamics,latticecasedynamics.co,Legal,251-500
LatticeChain Soft,latticechainsoft.com,ERP,21-50
LatticeChart Sync,latticechartsync.io,Medical,5-20
LatticeClause Core,latticeclausecore.com,Legal,101-250
LatticeClauseSoft,latticeclausesoft.com,Legal,101-250
LatticeMatterSystems,latticemattersystems.com,Legal,51-100
LatticeMed Tech,latticemedtech.com,Medical,51-100
LatticeOnboardCore,latticeonboardcore.io,HR,51-100
LatticePeople Works,latticepeopleworks.com,HR,21-50
LatticeRx Point,latticerxpoint.com,Medical,51-100
LatticeStock Solutions,latticestocksolutions.io,ERP,5-20
LatticeStockHub,latticestockhub.co,ERP,21-50
Lumen ChainSoft,lumenchainsoft.net,ERP,1001-5000
Lumen ForgeHub,lumenforgehub.io,ERP,251-500
Lumen TriageDesk,lumentriagedesk.com,Medical,21-50
LumenCareSphere,lumencaresphere.com,Medical,21-50
LumenChain Hub,lumenchainhub.com,ERP,21-50
LumenChart Systems,lumenchartsystems.io,Medical,501-1000
LumenClinicSolutions,lumenclinicsolutions.com,Medical,5-20
LumenEndpoint App,lumenendpointapp.com,MSP Platform,1001-5000
LumenFilingSuite,lumenfilingsuite.com,Legal,101-250
LumenLearnSphere,lumenlearnsphere.co,LMS,51-100
LumenLedger Point,lumenledgerpoint.io,ERP,5-20
LumenNode Labs,lumennodelabs.io,MSP Platform,21-50
LumenPatient Solutions,lumenpatientsolutions.com,Medical,501-1000
LumenPeople App,lumenpeopleapp.com,HR,101-250
LumenPeopleSuite,lumenpeoplesuite.com,HR,251-500
LumenPerformFlow,lumenperformflow.com,HR,51-100
LumenPlan Desk,lumenplandesk.com,ERP,101-250
LumenPlanSuite,lumenplansuite.com,ERP,1001-5000
LumenRemoteDesk,lumenremotedesk.com,MSP Platform,5-20
LumenTriage Tech,lumentriagetech.io,Medical,101-250
LumenVerdictPoint,lumenverdictpoint.com,Legal,5-20
Lumén LawCore,lumenlawcore.io,Legal,5-20
Meta BriefSync,metabriefsync.com,Legal,51-100
Meta MatterSolutions,metamattersolutions.com,Legal,501-1000
Meta PayrollDynamics,metapayrolldynamics.co,HR,21-50
Meta RemoteSoft,metaremotesoft.io,MSP Platform,501-1000
Meta ResourceBase,metaresourcebase.io,ERP,5-20
Meta StackLogic,metastacklogic.com,MSP Platform,21-50
Meta TeamLabs,metateamlabs.com,HR,21-50
MetaBenefitLogic,metabenefitlogic.co,HR,101-250
MetaClinic Cloud,metacliniccloud.com,Medical,251-500
MetaLawCloud,metalawcloud.com,Legal,251-500
MetaLearn Base,metalearnbase.com,LMS,251-500
MetaMonitor Systems,metamonitorsystems.com,MSP Platform,1001-5000
MetaNetHub,metanethub.com,MSP Platform,101-250
MetaPatch Labs,metapatchlabs.io,MSP Platform,5-20
MetaPeople Platform,metapeopleplatform.com,HR,5-20
MetaSkill Flow,metaskillflow.com,LMS,251-500
Mosaic CareDesk,mosaiccaredesk.com,Medical,51-100
Mosaic CaseCore,mosaiccasecore.io,Legal,51-100
Mosaic FilingPoint,mosaicfilingpoint.io,Legal,251-500
Mosaic HealthSuite,mosaichealthsuite.com,Medical,51-100
Mosaic OrderFlow,mosaicorderflow.com,ERP,101-250
Mosaic StockSolutions,mosaicstocksolutions.com,ERP,101-250
Mosaic TutorDynamics,mosaictutordynamics.com,LMS,501-1000
MosaicCourseSoft,mosaiccoursesoft.com,LMS,101-250
MosaicEndpoint Tech,mosaicendpointtech.com,MSP Platform,251-500
MosaicFin Base,mosaicfinbase.co,ERP,51-100
MosaicLedger Core,mosaicledgercore.net,ERP,51-100
MosaicMonitorSolutions,mosaicmonitorsolutions.com,MSP Platform,21-50
MosaicNode Solutions,mosaicnodesolutions.com,MSP Platform,5-20
MosaicPatient Suite,mosaicpatientsuite.com,Medical,5-20
MosaicPatiént Base,mosaicpatientbase.co,Medical,101-250
MosaicPerform Point,mosaicperformpoint.io,HR,101-250
MosaicPerform Sphere,mosaicperformsphere.net,HR,21-50
MosaicPlan Desk,mosaicplandesk.com,ERP,5-20
MosaicResource Cloud,mosaicresourcecloud.com,ERP,251-500
MosaicUptime Tech,mosaicuptimetech.com,MSP Platform,51-100
Nimbus MedHub,nimbusmedhub.com,Medical,101-250
Nimbus MonitorSuite,nimbusmonitorsuite.com,MSP Platform,5-20
Nimbus PayrollCore,nimbuspayrollcore.com,HR,1001-5000
Nimbus TriageFlow,nimbustriageflow.io,Medical,21-50
NimbusClinicSoft,nimbusclinicsoft.com,Medical,5-20
NimbusCohortBase,nimbuscohortbase.com,LMS,5-20
NimbusEndpoint Base,nimbusendpointbase.com,MSP Platform,251-500
NimbusFinSoft,nimbusfinsoft.io,ERP,21-50
NimbusMonitorLogic,nimbusmonitorlogic.com,MSP Platform,5-20
NimbusPayroll Systems,nimbuspayrollsystems.com,HR,51-100
NimbusResource App,nimbusresourceapp.com,ERP,501-1000
NimbusRoster Sync,nimbusrostersync.com,HR,1001-5000
NimbusStock Tech,nimbusstocktech.io,ERP,251-500
NimbusTriage Flow,nimbustriageflow.io,Medical,101-250
North CareCore,northcarecore.com,Medical,5-20
North ClauseDynamics,northclausedynamics.com,Legal,51-100
North ForgeHub,northforgehub.com,ERP,5-20
North TalentPoint,northtalentpoint.io,HR,251-500
NorthCarePoint,northcarepoint.net,Medical,251-500
NorthCase Dynamics,northcasedynamics.com,Legal,5-20
NorthClinic Solutions,northclinicsolutions.io,Medical,5-20
NorthLaw Systems,northlawsystems.com,Legal,21-50
NorthPeopleLabs,northpeoplelabs.com,HR,21-50
NorthPerform Core,northperformcore.io,HR,1001-5000
NorthRoster Works,northrosterworks.io,HR,251-500
NorthRosterDynamics,northrosterdynamics.co,HR,51-100
NorthStackPlatform,northstackplatform.com,MSP Platform,21-50
Nova CarePlatform,novacareplatform.com,Medical,51-100
Nova NetApp,novanetapp.io,MSP Platform,1001-5000
Nova PlanCore,novaplancore.com,ERP,51-100
Nova PlanSync,novaplansync.com,ERP,51-100
Nova RxSuite,novarxsuite.com,Medical,5-20
Nova SkillTech,novaskilltech.co,LMS,251-500
NovaBrief Systems,novabriefsystems.com,Legal,51-100
NovaCare Base,novacarebase.io,Medical,501-1000
NovaChain Labs,novachainlabs.com,ERP,1001-5000
NovaCompli Works,novacompliworks.io,Legal,5-20
NovaHealth Desk,novahealthdesk.com,Medical,21-50
NovaMatter Systems,novamattersystems.com,Legal,51-100
NovaPlan App,novaplanapp.com,ERP,21-50
NovaRx Hub,novarxhub.io,Medical,5-20
NovaRxSuite,novarxsuite.com,Medical,501-1000
NovaStack Logic,novastacklogic.co,MSP Platform,5-20
NovaTriage Flow,novatriageflow.com,Medical,251-500
Omni ChartTech,omnicharttech.com,Medical,5-20
Omni NetLabs,omninetlabs.com,MSP Platform,5-20
Omni NetPoint,omninetpoint.com,MSP Platform,101-250
Omni PatientSoft,omnipatientsoft.com,Medical,21-50
Omni PerformBase,omniperformbase.io,HR,21-50
Omni ResourceSuite,omniresourcesuite.io,ERP,251-500
Omni VitalSystems,omnivitalsystems.io,Medical,501-1000
OmniCare Suite,omnicaresuite.io,Medical,101-250
OmniChart Cloud,omnichartcloud.co,Medical,51-100
OmniOrderSolutions,omniordersolutions.com,ERP,251-500
OmniPayrollHub,omnipayrollhub.io,HR,51-100
OmniRemoteApp,omniremoteapp.co,MSP Platform,501-1000
OmniRx’s App,omnirxapp.com,Medical,21-50
OmniShiftSystems,omnishiftsystems.io,HR,21-50
OmniStockDesk,omnistockdesk.com,ERP,21-50
OmniTriage Solutions,omnitriagesolutions.com,Medical,21-50
OmniTriageSystems,omnitriagesystems.com,Medical,21-50
OmniUptimeWorks,omniuptimeworks.io,MSP Platform,51-100
Onyx GridSuite,onyxgridsuite.co,MSP Platform,21-50
Onyx HealthPoint,onyxhealthpoint.com,Medical,101-250
Onyx OpsLabs,onyxopslabs.com,ERP,5-20
Onyx PatchSuite,onyxpatchsuite.com,MSP Platform,5-20
Onyx PulseHub,onyxpulsehub.com,Medical,51-100
Onyx PulseSync,onyxpulsesync.com,Medical,5-20
Onyx TeamLabs,onyxteamlabs.io,HR,101-250
OnyxBatchSuite,onyxbatchsuite.com,ERP,51-100
OnyxClause Flow,onyxclauseflow.com,Legal,51-100
OnyxOnboard Sync,onyxonboardsync.com,HR,51-100
OnyxOps Soft,onyxopssoft.co,ERP,21-50
OnyxPeople App,onyxpeopleapp.net,HR,5-20
OnyxPlan Logic,onyxplanlogic.com,ERP,101-250
OnyxRemoteDynamics,onyxremotedynamics.com,MSP Platform,501-1000
OnyxResource Platform,onyxresourceplatform.com,ERP,101-250
OnyxResourceBase,onyxresourcebase.co,ERP,101-250
OnyxRosterSphere,onyxrostersphere.com,HR,21-50
OnyxTeam Solutions,onyxteamsolutions.com,HR,1001-5000
OnyxTriage Flow,onyxtriageflow.com,Medical,101-250
Orbit CarePoint,orbitcarepoint.com,Medical,5-20
Orbit ChartSoft,orbitchartsoft.com,Medical,501-1000
Orbit CourseLogic,orbitcourselogic.com,LMS,5-20
Orbit LedgerWorks,orbitledgerworks.com,ERP,5-20
Orbit PlanApp,orbitplanapp.com,ERP,5-20
Orbit VerdictFlow,orbitverdictflow.io,Legal,101-250
OrbitCourseLabs,orbitcourselabs.com,LMS,5-20
OrbitHealth Point,orbithealthpoint.com,Medical,5-20
OrbitLessonLogic,orbitlessonlogic.co,LMS,51-100
OrbitOnboardLogic,orbitonboardlogic.co,HR,101-250
OrbitPayroll Base,orbitpayrollbase.com,HR,501-1000
OrbitRemoteSuite,orbitremotesuite.co,MSP Platform,251-500
OrbitRoster Soft,orbitrostersoft.net,HR,1001-5000
OrbitRx Desk,orbitrxdesk.io,Medical,1001-5000
OrbitStackDynamics,orbitstackdynamics.io,MSP Platform,51-100
OrbitStock Works,orbitstockworks.io,ERP,5-20
OrbitTalentSync’s,orbittalentsync.io,HR,51-100
OrbitTeam Hub,orbitteamhub.com,HR,21-50
OrbitVerdictSoft,orbitverdictsoft.net,Legal,5-20
Pioneer CareSoft,pioneercaresoft.com,Medical,21-50
Pioneer FilingBase,pioneerfilingbase.io,Legal,21-50
Pioneer LawLabs,pioneerlawlabs.net,Legal,251-500
Pioneer LawPlatform,pioneerlawplatform.com,Legal,251-500
Pioneer LedgerApp,pioneerledgerapp.com,ERP,101-250
Pioneer PayrollDynamics,pioneerpayrolldynamics.com,HR,51-100
Pioneer TicketWorks,pioneerticketworks.com,MSP Platform,101-250
Pioneer UptimeDynamics,pioneeruptimedynamics.io,MSP Platform,101-250
PioneerBatch Dynamics,pioneerbatchdynamics.com,ERP,1001-5000
PioneerClause Works,pioneerclauseworks.io,Legal,51-100
PioneerDocket Core,pioneerdocketcore.com,Legal,21-50
PioneerPulseCloud,pioneerpulsecloud.com,Medical,5-20
PioneerTicketFlow,pioneerticketflow.com,MSP Platform,21-50
PioneerUptime Logic,pioneeruptimelogic.com,MSP Platform,5-20
Pivot BatchLogic,pivotbatchlogic.io,ERP,501-1000
Pivot ChartSystems,pivotchartsystems.com,Medical,251-500
Pivot PulseSystems,pivotpulsesystems.io,Medical,21-50
Pivot ResourceBase,pivotresourcebase.com,ERP,501-1000
Pivot TriageCore,pivottriagecore.com,Medical,5-20
Pivot VitalLogic,pivotvitallogic.io,Medical,21-50
PivotCompliHub,pivotcomplihub.io,Legal,51-100
PivotCounselSync,pivotcounselsync.com,Legal,501-1000
PivotFiling’s Solutions,pivotfilingsolutions.co,Legal,21-50
PivotFin Hub,pivotfinhub.io,ERP,5-20
PivotForge Sphere,pivotforgesphere.com,ERP,501-1000
PivotLaw Hub,pivotlawhub.net,Legal,501-1000
PivotNet Solutions,pivotnetsolutions.com,MSP Platform,21-50
PivotPatch Platform,pivotpatchplatform.com,MSP Platform,5-20
PivotPayroll Sync,pivotpayrollsync.io,HR,51-100
PivotStock Platform,pivotstockplatform.com,ERP,5-20
PivotStockPlatform,pivotstockplatform.com,ERP,101-250
PivotVitalApp,pivotvitalapp.io,Medical,5-20
Polaris RxSync,polarisrxsync.com,Medical,501-1000
PolarisCareSoft,polariscaresoft.com,Medical,101-250
PolarisChainCloud,polarischaincloud.co,ERP,501-1000
PolarisForge Point,polarisforgepoint.com,ERP,251-500
PolarisForge Tech,polarisforgetech.co,ERP,101-250
PolarisLawLogic,polarislawlogic.net,Legal,51-100
PolarisMonitor Base,polarismonitorbase.com,MSP Platform,5-20
PolarisNetPlatform,polarisnetplatform.com,MSP Platform,51-100
PolarisPatchLabs,polarispatchlabs.com,MSP Platform,251-500
PolarisPeople Sync,polarispeoplesync.com,HR,101-250
PolarisStack Point,polarisstackpoint.net,MSP Platform,5-20
PolarisTicket’s App,polaristicketapp.io,MSP Platform,5-20
PolarisVerdictCloud,polarisverdictcloud.com,Legal,1001-5000
Prime BatchSystems,primebatchsystems.com,ERP,101-250
Prime LawSync,primelawsync.com,Legal,21-50
Prime PathWorks,primepathworks.com,LMS,5-20
Prime PayrollDynamics,primepayrolldynamics.com,HR,5-20
PrimeClauseSolutions,primeclausesolutions.com,Legal,51-100
PrimeCohort Soft,primecohortsoft.co,LMS,251-500
PrimeEndpoint Desk,primeendpointdesk.com,MSP Platform,251-500
PrimeForge Soft,primeforgesoft.io,ERP,251-500
PrimePatient Solutions,primepatientsolutions.com,Medical,101-250
PrimePerformDesk,primeperformdesk.io,HR,5-20
PrimeResource Dynamics,primeresourcedynamics.com,ERP,101-250
PrimeShift Platform,primeshiftplatform.com,HR,101-250
PrimeStack Flow,primestackflow.com,MSP Platform,5-20
PrimeTalent Cloud,primetalentcloud.com,HR,501-1000
PrimeTeamSoft,primeteamsoft.com,HR,21-50
PrimeVerdict Base,primeverdictbase.io,Legal,21-50
PrimeVitalWorks,primevitalworks.com,Medical,51-100
Quantum CourseSoft,quantumcoursesoft.net,LMS,501-1000
Quantum CultureSoft,quantumculturesoft.com,HR,5-20
Quantum MatterBase,quantummatterbase.com,Legal,51-100
Quantum ResourceHub,quantumresourcehub.com,ERP,251-500
Quantum RosterSystems,quantumrostersystems.com,HR,21-50
Quantum SkillSync,quantumskillsync.co,LMS,51-100
Quantum StackFlow,quantumstackflow.io,MSP Platform,501-1000
Quantum StackPlatform,quantumstackplatform.co,MSP Platform,5-20
QuantumChartCore,quantumchartcore.com,Medical,21-50
QuantumEndpoint Hub,quantumendpointhub.com,MSP Platform,101-250
QuantumEndpoint Solutions,quantumendpointsolutions.io,MSP Platform,21-50
QuantumFin Core,quantumfincore.com,ERP,21-50
QuantumLaw Sphere,quantumlawsphere.io,Legal,51-100
QuantumNet Cloud,quantumnetcloud.com,MSP Platform,5-20
QuantumPatient Labs,quantumpatientlabs.com,Medical,5-20
QuantumRxSync,quantumrxsync.com,Medical,101-250
QuantumShift Labs,quantumshiftlabs.com,HR,251-500
QuantumUptime Platform,quantumuptimeplatform.com,MSP Platform,5-20
Quartz ForgeSolutions,quartzforgesolutions.com,ERP,5-20
Quartz NetHub,quartznethub.com,MSP Platform,101-250
Quartz RosterSolutions,quartzrostersolutions.com,HR,21-50
Quartz RxSystems,quartzrxsystems.io,Medical,21-50
QuartzCompliHub,quartzcomplihub.com,Legal,5-20
QuartzHealthPoint,quartzhealthpoint.net,Medical,51-100
QuartzLedgerSuite,quartzledgersuite.com,ERP,101-250
QuartzLedger’s Suite,quartzledgersuite.com,ERP,21-50
QuartzLessonHub,quartzlessonhub.com,LMS,51-100
QuartzNet Tech,quartznettech.io,MSP Platform,5-20
QuartzStack Base,quartzstackbase.com,MSP Platform,501-1000
QuartzStockApp,quartzstockapp.com,ERP,21-50
QuartzTalent Tech,quartztalenttech.com,HR,101-250
QuartzTriage Dynamics,quartztriagedynamics.co,Medical,21-50
Quartz’s CounselPlatform,quartzcounselplatform.co,Legal,1001-5000
Rapid ClinicBase,rapidclinicbase.com,Medical,5-20
Rapid PatientCore,rapidpatientcore.com,Medical,5-20
Rapid RemoteWorks,rapidremoteworks.io,MSP Platform,5-20
Rapid TalentHub,rapidtalenthub.com,HR,1001-5000
RapidBenefit Base,rapidbenefitbase.com,HR,501-1000
RapidCarePlatform,rapidcareplatform.co,Medical,5-20
RapidCourse Tech,rapidcoursetech.net,LMS,5-20
RapidForge Flow,rapidforgeflow.com,ERP,5-20
RapidLaw Sphere,rapidlawsphere.com,Legal,501-1000
RapidMedApp,rapidmedapp.io,Medical,101-250
RapidNodéHub,rapidnodehub.com,MSP Platform,501-1000
RapidOrder App,rapidorderapp.co,ERP,251-500
RapidOrder Labs,rapidorderlabs.co,ERP,21-50
RapidPayroll Flow,rapidpayrollflow.com,HR,5-20
RapidPayrollSync,rapidpayrollsync.com,HR,501-1000
RapidPeople Core,rapidpeoplecore.net,HR,21-50
RapidPeople Labs,rapidpeoplelabs.com,HR,51-100
RapidPeopleSuite,rapidpeoplesuite.com,HR,5-20
RapidPerform Base,rapidperformbase.com,HR,51-100
RapidResourceLogic,rapidresourcelogic.com,ERP,21-50
RapidRosterHub,rapidrosterhub.com,HR,21-50
RapidTeam Solutions,rapidteamsolutions.com,HR,251-500
RapidVital Cloud,rapidvitalcloud.com,Medical,5-20
Raven ClinicSphere,ravenclinicsphere.com,Medical,51-100
Raven CultureDynamics,ravenculturedynamics.com,HR,251-500
Raven GridSphere,ravengridsphere.com,MSP Platform,251-500
Raven LawSolutions,ravenlawsolutions.com,Legal,101-250
Raven StackSync,ravenstacksync.com,MSP Platform,5-20
Raven TeamSolutions,raventeamsolutions.net,HR,21-50
Raven VerdictSuite,ravenverdictsuite.com,Legal,51-100
RavenClinicCloud,ravencliniccloud.com,Medical,51-100
RavenHealthDesk,ravenhealthdesk.com,Medical,101-250
RavenLaw Base,ravenlawbase.co,Legal,21-50
RavenNode Cloud,ravennodecloud.io,MSP Platform,5-20
RavenOps Labs,ravenopslabs.com,ERP,51-100
RavenPayrollLogic,ravenpayrolllogic.com,HR,51-100
RavenPerformHub,ravenperformhub.com,HR,21-50
RavenRxPoint,ravenrxpoint.com,Medical,101-250
RavenTriage Soft,raventriagesoft.com,Medical,251-500
Ridge ClinicSync,ridgeclinicsync.net,Medical,1001-5000
Ridge LearnTech,ridgelearntech.com,LMS,5-20
Ridge OpsFlow,ridgeopsflow.com,ERP,5-20
Ridge StackLogic,ridgestacklogic.net,MSP Platform,21-50
Ridge StockSystems,ridgestocksystems.com,ERP,5-20
Ridge TicketPoint,ridgeticketpoint.io,MSP Platform,21-50
RidgeBenefitPlatform,ridgebenefitplatform.com,HR,5-20
RidgeFinHub,ridgefinhub.com,ERP,5-20
RidgeMonitorSuite,ridgemonitorsuite.com,MSP Platform,21-50
RidgeNet Soft,ridgenetsoft.com,MSP Platform,251-500
RidgeOnboardHub,ridgeonboardhub.com,HR,101-250
RidgeOpsFlow,ridgeopsflow.com,ERP,51-100
RidgeRx Systems,ridgerxsystems.net,Medical,21-50
RidgeRxDynamics,ridgerxdynamics.com,Medical,51-100
RidgeRxLabs,ridgerxlabs.com,Medical,21-50
RidgeTalent Flow,ridgetalentflow.com,HR,251-500
RidgeVerdictPlatform,ridgeverdictplatform.com,Legal,5-20
Ridgeway ClauseSoft,ridgewayclausesoft.com,Legal,251-500
Ridgeway CultureSphere,ridgewayculturesphere.io,HR,5-20
Ridgeway FinApp,ridgewayfinapp.com,ERP,501-1000
Ridgeway PerformBase,ridgewayperformbase.io,HR,501-1000
Ridgeway ShiftCore,ridgewayshiftcore.co,HR,5-20
RidgewayChain Dynamics,ridgewaychaindynamics.com,ERP,5-20
RidgewayChainSync,ridgewaychainsync.com,ERP,21-50
RidgewayEndpoint Sphere,ridgewayendpointsphere.com,MSP Platform,251-500
RidgewayGrid Suite,ridgewaygridsuite.io,MSP Platform,51-100
RidgewayMonitorWorks,ridgewaymonitorworks.com,MSP Platform,21-50
RidgewayNode Hub,ridgewaynodehub.com,MSP Platform,5-20
RidgewayPatient Dynamics,ridgewaypatientdynamics.net,Medical,5-20
RidgewayPayroll Point,ridgewaypayrollpoint.co,HR,21-50
RidgewayPayrollPoint,ridgewaypayrollpoint.io,HR,501-1000
RidgewayPlan Dynamics,ridgewayplandynamics.com,ERP,101-250
RidgewayPlan Hub,ridgewayplanhub.com,ERP,5-20
RidgewayTeamCore,ridgewayteamcore.com,HR,5-20
RidgewayTutor Suite,ridgewaytutorsuite.net,LMS,21-50
RidgewayUptime Dynamics,ridgewayuptimedynamics.io,MSP Platform,51-100
RidgewayUptime’s Core,ridgewayuptimecore.net,MSP Platform,51-100
Ridgéway OnboardPoint,ridgewayonboardpoint.com,HR,251-500
Sable FilingSystems,sablefilingsystems.net,Legal,51-100
Sable LedgerHub,sableledgerhub.com,ERP,101-250
Sable OpsCore,sableopscore.com,ERP,21-50
Sable OpsSync,sableopssync.com,ERP,501-1000
Sable PeopleSync,sablepeoplesync.com,HR,5-20
Sable PlanLabs,sableplanlabs.com,ERP,1001-5000
Sable RosterBase,sablerosterbase.io,HR,21-50
Sable RosterWorks,sablerosterworks.com,HR,101-250
Sable StackLabs,sablestacklabs.com,MSP Platform,101-250
Sable UptimeFlow,sableuptimeflow.io,MSP Platform,51-100
Sable VitalSync,sablevitalsync.com,Medical,51-100
SableChainWorks,sablechainworks.co,ERP,501-1000
SableEndpointBase,sableendpointbase.com,MSP Platform,21-50
SableMatter Base,sablematterbase.com,Legal,51-100
SableOrderFlow,sableorderflow.io,ERP,5-20
SablePayrollSuite,sablepayrollsuite.com,HR,21-50
SablePerformDesk,sableperformdesk.com,HR,21-50
SableStockSoft,sablestocksoft.io,ERP,5-20
SableTicketSync,sableticketsync.com,MSP Platform,5-20
Silver CourseTech,silvercoursetech.io,LMS,5-20
Silver DocketLogic,silverdocketlogic.com,Legal,1001-5000
Silver LedgerPlatform,silverledgerplatform.io,ERP,5-20
Silver NetSuite,silvernetsuite.com,MSP Platform,5-20
Silver PlanCore,silverplancore.net,ERP,5-20
Silver TriageCloud,silvertriagecloud.io,Medical,251-500
SilverBenefitPlatform,silverbenefitplatform.com,HR,101-250
SilverChartBase,silverchartbase.io,Medical,51-100
SilverOnboard Solutions,silveronboardsolutions.com,HR,5-20
SilverOpsLabs,silveropslabs.io,ERP,101-250
SilverOrderTech,silverordertech.com,ERP,251-500
SilverTalentCore,silvertalentcore.com,HR,501-1000
SilverTeam Soft,silverteamsoft.com,HR,5-20
Solid ChainHub,solidchainhub.io,ERP,51-100
Solid ForgeSphere,solidforgesphere.co,ERP,101-250
Solid GridCore,solidgridcore.net,MSP Platform,251-500
Solid MatterBase,solidmatterbase.com,Legal,21-50
Solid PlanSync,solidplansync.com,ERP,101-250
Solid PulseDesk,solidpulsedesk.com,Medical,251-500
Solid ResourceSystems,solidresourcesystems.com,ERP,51-100
Solid RxBase,solidrxbase.com,Medical,5-20
Solid StockLogic,solidstocklogic.co,ERP,51-100
Solid StockSystems,solidstocksystems.com,ERP,21-50
SolidBatch’s Platform,solidbatchplatform.com,ERP,21-50
SolidClauseWorks,solidclauseworks.net,Legal,21-50
SolidCourse Flow,solidcourseflow.com,LMS,5-20
SolidFin Sphere,solidfinsphere.com,ERP,501-1000
SolidNode Systems,solidnodesystems.com,MSP Platform,5-20
SolidOps Core,solidopscore.io,ERP,101-250
SolidOrderCloud,solidordercloud.io,ERP,5-20
SolidPlanDynamics,solidplandynamics.co,ERP,101-250
SolidShift Base,solidshiftbase.com,HR,51-100
SolidTriageBase,solidtriagebase.com,Medical,251-500
Summit BenefitSoft,summitbenefitsoft.io,HR,5-20
Summit CareWorks,summitcareworks.io,Medical,501-1000
Summit ChainHub,summitchainhub.com,ERP,1001-5000
Summit ChainSync,summitchainsync.io,ERP,51-100
Summit ChartSystems,summitchartsystems.com,Medical,5-20
Summit CultureCore,summitculturecore.com,HR,5-20
Summit NodeApp,summitnodeapp.net,MSP Platform,21-50
Summit OpsLogic,summitopslogic.com,ERP,5-20
Summit PeopleDynamics,summitpeopledynamics.net,HR,51-100
Summit ResourceTech,summitresourcetech.net,ERP,1001-5000
Summit RxPlatform,summitrxplatform.com,Medical,1001-5000
Summit UptimeApp,summituptimeapp.com,MSP Platform,21-50
SummitFin Cloud,summitfincloud.com,ERP,501-1000
SummitLearnBase,summitlearnbase.co,LMS,501-1000
SummitOps Cloud,summitopscloud.co,ERP,251-500
SummitPathApp,summitpathapp.com,LMS,5-20
SummitPerform Suite,summitperformsuite.com,HR,21-50
SummitPlan Desk,summitplandesk.com,ERP,5-20
SummitPlan Sphere,summitplansphere.io,ERP,5-20
SummitRemote Soft,summitremotesoft.io,MSP Platform,1001-5000
SummitTrain Soft,summittrainsoft.com,LMS,21-50
Tidal BriefCloud,tidalbriefcloud.co,Legal,21-50
Tidal ClinicApp,tidalclinicapp.net,Medical,5-20
Tidal CompliLogic,tidalcomplilogic.com,Legal,5-20
Tidal CounselSync,tidalcounselsync.com,Legal,5-20
Tidal CulturePoint,tidalculturepoint.io,HR,51-100
Tidal MedPoint,tidalmedpoint.io,Medical,101-250
Tidal PerformPoint,tidalperformpoint.com,HR,21-50
Tidal PlanSync,tidalplansync.com,ERP,101-250
Tidal StockWorks,tidalstockworks.com,ERP,51-100
TidalCounsel Base,tidalcounselbase.com,Legal,21-50
TidalEndpointSphere,tidalendpointsphere.io,MSP Platform,51-100
TidalLawHub,tidallawhub.io,Legal,5-20
TidalMatter Suite,tidalmattersuite.io,Legal,101-250
TidalMedApp,tidalmedapp.com,Medical,5-20
TidalOnboard Point,tidalonboardpoint.io,HR,251-500
TidalOnboardWorks,tidalonboardworks.com,HR,501-1000
TidalOps Platform,tidalopsplatform.com,ERP,5-20
TidalPatient Base,tidalpatientbase.io,Medical,501-1000
TidalPerformCore,tidalperformcore.io,HR,51-100
TidalPlan Labs,tidalplanlabs.com,ERP,21-50
TidalPlan Soft,tidalplansoft.com,ERP,5-20
TidalTicket Solutions,tidalticketsolutions.co,MSP Platform,21-50
TidalTicketPoint,tidalticketpoint.com,MSP Platform,21-50
TidalUptiméPoint,tidaluptimepoint.com,MSP Platform,251-500
True ClinicTech,trueclinictech.co,Medical,101-250
True GridPlatform,truegridplatform.net,MSP Platform,5-20
True NodeSphere,truenodesphere.co,MSP Platform,101-250
True PatientHub,truepatienthub.com,Medical,5-20
True PulsePoint,truepulsepoint.io,Medical,5-20
TrueBriefSystems,truebriefsystems.net,Legal,501-1000
TrueClinic Base,trueclinicbase.com,Medical,1001-5000
TrueMentor Platform,truementorplatform.io,LMS,1001-5000
TruePatch Core,truepatchcore.net,MSP Platform,101-250
TruePerformHub,trueperformhub.com,HR,51-100
TruePulseSuite,truepulsesuite.com,Medical,5-20
TrueTalentSuite,truetalentsuite.com,HR,101-250
True’s RxLogic,truerxlogic.io,Medical,21-50
Umbra BatchCore,umbrabatchcore.com,ERP,101-250
Umbra BatchWorks,umbrabatchworks.net,ERP,51-100
Umbra StockLogic,umbrastocklogic.co,ERP,1001-5000
Umbra VitalSync,umbravitalsync.net,Medical,101-250
UmbraCohortCore,umbracohortcore.io,LMS,501-1000
UmbraDocket Point,umbradocketpoint.io,Legal,21-50
UmbraEndpointHub’s,umbraendpointhub.com,MSP Platform,51-100
UmbraOnboard Dynamics,umbraonboarddynamics.com,HR,251-500
UmbraPatch Flow,umbrapatchflow.com,MSP Platform,251-500
UmbraPerform Tech,umbraperformtech.com,HR,501-1000
UmbraPlan Works,umbraplanworks.com,ERP,1001-5000
UmbraQuizSuite,umbraquizsuite.com,LMS,251-500
UmbraRoster App,umbrarosterapp.com,HR,501-1000
UmbraRxSync,umbrarxsync.com,Medical,251-500
UmbraStack Dynamics,umbrastackdynamics.com,MSP Platform,21-50
UmbraUptime Systems,umbrauptimesystems.io,MSP Platform,21-50
UmbraVitalCore,umbravitalcore.com,Medical,51-100
UmbraVitalSystems,umbravitalsystems.com,Medical,21-50
Velo ChainHub,velochainhub.co,ERP,21-50
Velo LessonSphere,velolessonsphere.co,LMS,501-1000
Velo OrderDesk,veloorderdesk.io,ERP,251-500
Velo StockDesk,velostockdesk.com,ERP,101-250
VeloBenefitSync,velobenefitsync.com,HR,51-100
VeloClauseLogic,veloclauselogic.com,Legal,501-1000
VeloClinic Soft,veloclinicsoft.com,Medical,51-100
VeloCultureBase,veloculturebase.com,HR,51-100
VeloDocket App,velodocketapp.com,Legal,5-20
VeloMentor Soft,velomentorsoft.com,LMS,51-100
VeloNode Logic,velonodelogic.com,MSP Platform,51-100
VeloNodePoint,velonodepoint.com,MSP Platform,251-500
VeloOpsLogic,veloopslogic.com,ERP,101-250
VeloPayrollSphere,velopayrollsphere.com,HR,5-20
VeloRx Base,velorxbase.com,Medical,251-500
Vertex CareCloud,vertexcarecloud.com,Medical,101-250
Vertex OpsPlatform,vertexopsplatform.com,ERP,5-20
Vertex OpsSolutions,vertexopssolutions.co,ERP,5-20
Vertex OrderDynamics,vertexorderdynamics.com,ERP,5-20
Vertex PatientDesk,vertexpatientdesk.com,Medical,5-20
Vertex PulseBase,vertexpulsebase.com,Medical,251-500
Vertex StackCore,vertexstackcore.com,MSP Platform,5-20
VertexBatchFlow,vertexbatchflow.com,ERP,5-20
VertexBenefit Dynamics,vertexbenefitdynamics.co,HR,51-100
VertexCare Sync,vertexcaresync.net,Medical,51-100
VertexClinic Core,vertexcliniccore.com,Medical,5-20
VertexCompliSync,vertexcomplisync.com,Legal,51-100
VertexGridSystems,vertexgridsystems.co,MSP Platform,21-50
VertexHealth Flow,vertexhealthflow.com,Medical,5-20
VertexNet Systems,vertexnetsystems.com,MSP Platform,5-20
VertexNetSync,vertexnetsync.io,MSP Platform,51-100
VertexPatient App,vertexpatientapp.io,Medical,5-20
VertexPerformSolutions,vertexperformsolutions.com,HR,21-50
VertexResource Works,vertexresourceworks.com,ERP,51-100
VertexShiftHub,vertexshifthub.com,HR,501-1000
VertexStack Desk,vertexstackdesk.com,MSP Platform,21-50
Vista EndpointSync,vistaendpointsync.com,MSP Platform,21-50
Vista HealthPlatform,vistahealthplatform.com,Medical,21-50
Vista HealthSphere,vistahealthsphere.co,Medical,501-1000
Vista LearnFlow,vistalearnflow.com,LMS,251-500
Vista NetHub,vistanethub.com,MSP Platform,5-20
Vista NetLogic,vistanetlogic.com,MSP Platform,51-100
Vista NodeCore,vistanodecore.net,MSP Platform,251-500
Vista PathApp,vistapathapp.net,LMS,51-100
Vista PlanLogic,vistaplanlogic.com,ERP,21-50
Vista TriageFlow,vistatriageflow.com,Medical,5-20
VistaBatch Hub,vistabatchhub.io,ERP,5-20
VistaBatchPoint,vistabatchpoint.com,ERP,51-100
VistaChartDynamics,vistachartdynamics.com,Medical,51-100
VistaClause Base,vistaclausebase.net,Legal,5-20
VistaFin Works,vistafinworks.io,ERP,101-250
VistaFinBase,vistafinbase.com,ERP,5-20
VistaForge Logic,vistaforgelogic.co,ERP,5-20
VistaLessonSuite,vistalessonsuite.co,LMS,101-250
VistaMed Sphere,vistamedsphere.com,Medical,21-50
VistaMentorApp,vistamentorapp.com,LMS,21-50
VistaNodeSuite,vistanodesuite.com,MSP Platform,21-50
VistaOps Tech,vistaopstech.co,ERP,21-50
VistaOrder Sync,vistaordersync.com,ERP,251-500
VistaPatch Suite,vistapatchsuite.io,MSP Platform,101-250
VistaPatient Dynamics,vistapatientdynamics.com,Medical,51-100
VistaRoster Desk,vistarosterdesk.com,HR,51-100
VistaTeam Platform,vistateamplatform.com,HR,5-20
VistaVitalSoft,vistavitalsoft.com,Medical,101-250
Willow CohortLogic,willowcohortlogic.com,LMS,21-50
Willow MedBase,willowmedbase.com,Medical,5-20
Willow PerformDynamics,willowperformdynamics.com,HR,101-250
Willow PlanLogic,willowplanlogic.com,ERP,21-50
WillowBenefitCore,willowbenefitcore.com,HR,5-20
WillowChain Labs,willowchainlabs.io,ERP,1001-5000
WillowLessonSuite,willowlessonsuite.com,LMS,5-20
WillowPatientCloud,willowpatientcloud.com,Medical,251-500
WillowPayroll Flow,willowpayrollflow.com,HR,5-20
WillowPeoplePoint,willowpeoplepoint.io,HR,51-100
WillowPerform Sphere,willowperformsphere.com,HR,101-250
WillowPulseSolutions,willowpulsesolutions.io,Medical,501-1000
WillowRemoteSystems,willowremotesystems.net,MSP Platform,51-100
WillowRoster Labs,willowrosterlabs.com,HR,101-250
WillowRoster Suite,willowrostersuite.io,HR,5-20
WillowRosterSolutions,willowrostersolutions.com,HR,51-100
WillowStack Point,willowstackpoint.io,MSP Platform,5-20
WillowStockSolutions,willowstocksolutions.com,ERP,5-20
WillowTalentFlow’s,willowtalentflow.com,HR,51-100
WillowTeam Labs,willowteamlabs.com,HR,21-50
Willow’s TalentSync,willowtalentsync.com,HR,21-50
Xenon LearnFlow,xenonlearnflow.com,LMS,251-500
Xenon OpsLogic,xenonopslogic.com,ERP,251-500
Xenon StockCloud,xenonstockcloud.com,ERP,251-500
Xenon StockTech,xenonstocktech.com,ERP,21-50
XenonChainTech,xenonchaintech.io,ERP,5-20
XenonCounsel Systems,xenoncounselsystems.io,Legal,21-50
XenonEndpointPlatform,xenonendpointplatform.co,MSP Platform,5-20
XenonForgePoint,xenonforgepoint.com,ERP,51-100
XenonHealthCloud,xenonhealthcloud.com,Medical,51-100
XenonMed Soft,xenonmedsoft.co,Medical,21-50
XenonNet Hub,xenonnethub.net,MSP Platform,51-100
XenonNodeTech,xenonnodetech.com,MSP Platform,1001-5000
XenonOps Flow,xenonopsflow.com,ERP,5-20
XenonOrderCloud,xenonordercloud.com,ERP,5-20
XenonPeople Base,xenonpeoplebase.net,HR,501-1000
XenonTalentFlow,xenontalentflow.com,HR,51-100
Zen LedgerWorks,zenledgerworks.com,ERP,51-100
Zen MatterPoint,zenmatterpoint.net,Legal,21-50
Zen MedSuite,zenmedsuite.com,Medical,21-50
Zen ShiftLogic,zenshiftlogic.io,HR,501-1000
ZenBenefitLogic,zenbenefitlogic.com,HR,5-20
ZenChart Soft,zenchartsoft.io,Medical,1001-5000
ZenClauseDynamics,zenclausedynamics.com,Legal,21-50
ZenCompli Sphere,zencomplisphere.com,Legal,21-50
ZenDocket Cloud,zendocketcloud.com,Legal,21-50
ZenForge Cloud,zenforgecloud.com,ERP,5-20
ZenForgeDynamics,zenforgedynamics.io,ERP,251-500
ZenGrid Solutions,zengridsolutions.com,MSP Platform,251-500
ZenLedgerApp,zenledgerapp.com,ERP,21-50
ZenMedCore,zenmedcore.io,Medical,21-50
ZenMonitor Flow,zenmonitorflow.io,MSP Platform,21-50
ZenNodeCore,zennodecore.com,MSP Platform,5-20
ZenOpsSoft,zenopssoft.com,ERP,5-20
ZenShiftSystems,zenshiftsystems.com,HR,501-1000
ZenStock Labs,zenstocklabs.com,ERP,251-500
ZenVerdict Systems,zenverdictsystems.com,Legal,51-100
Zephyr PulseWorks,zephyrpulseworks.com,Medical,51-100
Zephyr ResourceDynamics,zephyrresourcedynamics.com,ERP,251-500
Zephyr UptimeSoft,zephyruptimesoft.net,MSP Platform,51-100
ZephyrBatchSphere,zephyrbatchsphere.com,ERP,51-100
ZephyrBenefitSystems,zephyrbenefitsystems.com,HR,5-20
ZephyrBrief Flow,zephyrbriefflow.com,Legal,5-20
ZephyrCareLogic,zephyrcarelogic.com,Medical,251-500
ZephyrClause Works,zephyrclauseworks.com,Legal,5-20
ZephyrCompliDynamics,zephyrcomplidynamics.net,Legal,5-20
ZephyrCultureTech,zephyrculturetech.com,HR,51-100
ZephyrEndpoint Works,zephyrendpointworks.com,MSP Platform,101-250
ZephyrGrid App,zephyrgridapp.io,MSP Platform,51-100
ZephyrMonitor Soft,zephyrmonitorsoft.io,MSP Platform,51-100
ZephyrOnboardHub,zephyronboardhub.co,HR,5-20
ZephyrOrderBase,zephyrorderbase.co,ERP,251-500
ZephyrPerform Sphere,zephyrperformsphere.com,HR,5-20
ZephyrStock Sync,zephyrstocksync.com,ERP,5-20
ZephyrTalentLogic,zephyrtalentlogic.com,HR,21-50
ZephyrTriage’s Systems,zephyrtriagesystems.net,Medical,5-20
ZephyrUptimeSoft,zephyruptimesoft.io,MSP Platform,251-500
